userId,itemId,rating,timestamp,relevant
26,296,4.0,1996-07-09 22:10:45,1
26,150,3.0,1996-07-09 22:10:45,0
26,380,3.0,1996-07-09 22:10:45,0
26,592,4.0,1996-07-09 22:10:45,1
26,153,3.0,1996-07-09 22:11:26,0
26,165,4.0,1996-07-09 22:11:26,1
26,349,3.0,1996-07-09 22:11:26,0
26,344,3.0,1996-07-09 22:11:26,0
26,457,4.0,1996-07-09 22:12:59,1
26,434,2.0,1996-07-09 22:12:59,0
26,593,4.0,1996-07-09 22:12:59,1
26,208,2.0,1996-07-09 22:13:23,0
26,185,3.0,1996-07-09 22:13:23,0
26,10,3.0,1996-07-09 22:13:23,0
26,300,3.0,1996-07-09 22:13:51,0
26,47,4.0,1996-07-09 22:13:51,1
26,288,3.0,1996-07-09 22:13:51,0
26,225,3.0,1996-07-09 22:14:43,0
26,356,3.0,1996-07-09 22:14:43,0
26,454,4.0,1996-07-09 22:14:43,1
26,34,3.0,1996-07-09 22:14:43,0
35,150,5.0,1996-05-01 08:29:51,1
35,592,4.0,1996-05-01 08:29:51,1
35,595,3.0,1996-05-01 08:30:38,0
35,316,3.0,1996-05-01 08:30:38,0
35,339,5.0,1996-05-01 08:31:28,1
35,231,3.0,1996-05-01 08:31:28,0
35,21,5.0,1996-05-01 08:31:45,1
35,300,4.0,1996-05-01 08:31:45,1
35,185,5.0,1996-05-01 08:32:01,1
35,39,3.0,1996-05-01 08:32:26,0
35,266,2.0,1996-05-01 08:32:26,0
35,11,4.0,1996-05-01 08:32:57,1
35,50,5.0,1996-05-01 08:33:18,1
35,236,4.0,1996-05-01 08:34:55,1
35,261,5.0,1996-05-01 08:35:33,1
35,235,4.0,1996-05-01 08:35:33,1
35,62,5.0,1996-05-01 08:35:48,1
35,237,3.0,1996-05-01 08:37:14,0
35,222,4.0,1996-05-01 08:38:13,1
35,60,5.0,1996-05-01 08:38:32,1
35,342,4.0,1996-05-01 08:39:01,1
35,590,5.0,1996-05-01 08:42:37,1
35,252,4.0,1996-05-01 08:44:06,1
37,592,3.0,1996-10-13 20:43:07,0
37,150,5.0,1996-10-13 20:43:08,1
37,296,5.0,1996-10-13 20:43:08,1
37,590,4.0,1996-10-13 20:43:08,1
37,380,2.0,1996-10-13 20:43:08,0
37,153,3.0,1996-10-13 20:43:46,0
37,165,5.0,1996-10-13 20:43:46,1
37,593,5.0,1996-10-13 20:43:46,1
37,344,5.0,1996-10-13 20:43:46,1
37,457,4.0,1996-10-13 20:44:02,1
37,349,4.0,1996-10-13 20:44:02,1
37,316,5.0,1996-10-13 20:44:02,1
37,231,5.0,1996-10-13 20:44:02,1
37,356,4.0,1996-10-13 20:44:43,1
37,329,3.0,1996-10-13 20:44:43,0
37,318,4.0,1996-10-13 20:44:43,1
37,292,4.0,1996-10-13 20:44:43,1
37,671,5.0,1996-10-13 20:45:06,1
37,1073,4.0,1996-10-13 20:45:22,1
37,661,3.0,1996-10-21 19:43:02,0
37,1061,5.0,1996-10-21 19:43:34,1
49,527,4.5,2017-04-25 03:09:30,1
49,318,4.0,2017-04-25 03:09:38,1
49,356,4.0,2017-04-25 03:09:42,1
49,2028,4.5,2017-04-25 03:09:44,1
49,4022,4.5,2017-04-25 04:03:02,1
49,168252,4.5,2017-04-25 04:03:18,1
49,110,4.0,2017-04-25 04:03:25,1
49,1097,4.5,2017-04-25 04:03:29,1
49,122920,4.0,2017-04-25 04:03:36,1
49,70286,4.0,2017-04-25 04:03:50,1
49,2571,4.5,2017-04-25 04:04:07,1
49,47099,4.5,2017-04-25 04:04:42,1
49,79091,4.0,2017-04-25 04:05:14,1
49,103335,4.0,2017-04-25 04:05:20,1
49,5218,4.0,2017-04-25 04:05:22,1
49,6377,4.0,2017-04-25 04:05:27,1
49,1214,4.0,2017-04-25 04:06:25,1
49,1200,4.5,2017-04-25 04:06:29,1
49,139385,4.5,2017-04-25 04:06:46,1
49,79132,4.5,2017-04-25 04:06:56,1
49,109487,4.5,2017-04-25 04:07:11,1
53,1441,5.0,2009-03-22 18:54:16,1
53,2616,5.0,2009-03-22 18:54:19,1
53,748,5.0,2009-03-22 18:54:22,1
53,413,5.0,2009-03-22 18:54:25,1
53,2686,5.0,2009-03-22 18:54:28,1
53,1982,5.0,2009-03-22 18:54:31,1
53,1298,5.0,2009-03-22 18:54:34,1
53,880,5.0,2009-03-22 18:54:37,1
53,203,5.0,2009-03-22 18:54:41,1
53,922,5.0,2009-03-22 18:54:44,1
53,4019,5.0,2009-03-22 18:54:47,1
53,3100,5.0,2009-03-22 18:54:50,1
53,1256,5.0,2009-03-22 18:54:53,1
53,1125,5.0,2009-03-22 18:54:56,1
53,1100,5.0,2009-03-22 18:54:59,1
53,916,5.0,2009-03-22 18:55:02,1
53,481,5.0,2009-03-22 18:55:05,1
53,249,5.0,2009-03-22 18:55:09,1
53,1049,5.0,2009-03-22 18:55:12,1
53,381,5.0,2009-03-22 18:55:15,1
60,832,3.0,2014-02-27 22:54:55,0
60,48,3.0,2014-02-27 22:55:34,0
60,805,4.0,2014-02-27 22:55:54,1
60,1242,4.0,2014-02-27 22:55:57,1
60,783,4.0,2014-02-27 22:56:28,1
60,1562,3.0,2014-02-27 22:58:12,0
60,2150,4.0,2014-02-27 22:58:17,1
60,455,3.0,2014-02-27 22:58:25,0
60,2724,3.0,2014-02-27 22:58:28,0
60,362,4.0,2014-02-27 22:58:40,1
60,3386,4.0,2014-02-27 22:58:57,1
60,60,3.0,2014-02-27 22:59:15,0
60,3424,4.0,2014-02-27 22:59:27,1
60,2739,4.0,2014-02-27 22:59:37,1
60,2067,3.0,2014-02-27 22:59:42,0
60,318,4.0,2014-02-27 23:00:53,1
60,858,5.0,2014-02-27 23:00:55,1
60,50,3.0,2014-02-27 23:01:00,0
60,527,5.0,2014-02-27 23:01:04,1
60,6016,4.0,2014-02-27 23:01:13,1
60,58559,5.0,2014-02-27 23:01:15,1
60,1203,3.0,2014-02-27 23:01:24,0
87,1345,3.5,2010-04-08 04:56:59,0
87,4571,3.5,2010-04-08 04:57:15,0
87,531,4.0,2010-04-08 04:57:22,1
87,327,3.5,2010-04-08 04:57:32,0
87,671,4.5,2010-04-08 04:57:50,1
87,1077,4.0,2010-04-08 04:58:02,1
87,2300,4.5,2010-04-08 04:58:09,1
87,60,3.0,2010-04-08 04:58:16,0
87,3504,4.5,2010-04-08 05:04:33,1
87,4023,3.5,2010-04-08 05:04:50,0
87,2139,3.0,2010-04-08 05:04:52,0
87,262,4.0,2010-04-08 05:05:01,1
87,2009,4.0,2010-04-08 05:05:18,1
87,3593,2.0,2010-04-08 05:05:30,0
87,3910,4.0,2010-04-08 05:12:41,1
87,7022,3.5,2010-04-08 05:12:52,0
87,5971,5.0,2011-01-27 06:17:19,1
87,5618,5.0,2011-01-27 06:17:25,1
87,4973,5.0,2011-01-27 06:17:35,1
87,1136,5.0,2011-01-27 06:17:48,1
87,1584,4.0,2011-01-27 06:18:19,1
92,2501,4.0,2011-01-13 17:56:02,1
92,327,3.5,2011-01-13 17:56:12,0
92,107,5.0,2011-01-13 17:56:25,1
92,2087,4.5,2011-01-13 17:56:45,1
92,1801,3.0,2011-01-13 17:57:15,0
92,837,5.0,2011-01-13 17:57:28,1
92,1619,4.0,2011-01-13 17:58:00,1
92,2398,4.0,2011-01-13 17:58:04,1
92,2139,4.0,2011-01-13 17:58:22,1
92,2664,3.5,2011-01-13 17:58:53,0
92,2454,4.0,2011-01-13 17:59:28,1
92,1021,3.0,2011-01-13 17:59:36,0
92,1015,4.0,2011-01-13 17:59:52,1
92,2114,3.0,2011-01-13 18:00:07,0
92,3168,4.5,2011-01-13 18:01:14,1
92,69757,4.0,2011-01-13 18:02:43,1
92,2572,5.0,2011-01-13 18:03:02,1
92,1367,3.0,2011-01-13 18:03:17,0
92,2085,3.5,2011-01-13 18:03:21,0
92,6383,3.0,2011-01-13 18:04:54,0
92,55282,4.0,2011-01-13 18:05:14,1
92,51662,4.5,2011-01-13 18:20:35,1
92,35836,4.5,2011-01-13 18:20:54,1
92,54190,4.0,2011-01-13 18:23:15,1
118,1059,3.0,1999-12-11 14:45:51,0
118,2378,3.0,1999-12-11 14:45:51,0
118,153,2.0,1999-12-11 14:48:23,0
118,2278,4.0,1999-12-11 14:48:23,1
118,858,5.0,1999-12-11 14:48:23,1
118,527,4.0,1999-12-11 14:52:06,1
118,590,4.0,1999-12-11 14:52:06,1
118,1961,5.0,1999-12-11 14:52:06,1
118,1810,4.0,1999-12-11 14:52:06,1
118,1350,3.0,1999-12-11 14:52:06,0
118,2918,4.0,1999-12-11 14:53:09,1
118,1221,5.0,1999-12-11 14:57:56,1
118,608,4.0,1999-12-11 14:58:49,1
118,1196,4.0,1999-12-11 14:58:49,1
118,1213,5.0,1999-12-11 14:59:20,1
118,1104,4.0,1999-12-11 15:01:27,1
118,296,4.0,1999-12-11 15:01:27,1
118,1343,4.0,1999-12-11 15:05:31,1
118,2028,4.0,1999-12-11 15:05:31,1
118,2329,3.0,1999-12-11 15:05:31,0
118,1625,4.0,1999-12-11 15:05:31,1
118,25,2.0,1999-12-11 15:05:31,0
120,32,3.0,1997-04-03 12:19:33,0
120,780,2.0,1997-04-03 12:19:33,0
120,141,3.0,1997-04-03 12:19:33,0
120,736,3.0,1997-04-03 12:19:33,0
120,648,3.0,1997-04-03 12:19:33,0
120,5,4.0,1997-04-03 12:20:29,1
120,1073,2.0,1997-04-03 12:20:29,0
120,733,4.0,1997-04-03 12:20:29,1
120,608,5.0,1997-04-03 12:20:29,1
120,653,3.0,1997-04-03 12:21:05,0
120,260,5.0,1997-04-03 12:21:05,1
120,52,3.0,1997-04-03 12:21:05,0
120,802,4.0,1997-04-03 12:21:41,1
120,743,3.0,1997-04-03 12:22:21,0
120,783,3.0,1997-04-03 12:22:21,0
120,852,2.0,1997-04-03 12:22:21,0
120,1210,5.0,1997-04-03 12:23:02,1
120,12,3.0,1997-04-03 12:23:02,0
120,631,3.0,1997-04-03 12:23:36,0
120,1367,4.0,1997-04-03 12:24:18,1
120,765,3.0,1997-04-03 12:25:06,0
120,858,5.0,1997-04-03 12:25:06,1
127,903,3.0,2010-01-15 03:43:31,0
127,5060,5.0,2010-01-15 03:43:51,1
127,2763,4.0,2010-01-15 03:43:59,1
127,1302,2.0,2010-01-15 03:44:04,0
127,2100,2.0,2010-01-15 03:44:08,0
127,3101,1.0,2010-01-15 03:44:15,0
127,913,5.0,2010-01-15 03:44:26,1
127,1276,4.0,2010-01-15 03:44:36,1
127,1747,4.0,2010-01-15 03:44:40,1
127,910,4.0,2010-01-15 03:44:47,1
127,2455,1.0,2010-01-15 03:45:08,0
127,3671,4.0,2010-01-15 03:45:12,1
127,3039,4.0,2010-01-15 03:45:35,1
127,272,3.0,2010-01-15 03:45:48,0
127,1947,4.0,2010-01-15 03:46:14,1
127,1962,3.0,2010-01-15 03:46:20,0
127,2144,2.0,2010-01-15 03:46:28,0
127,2915,2.0,2010-01-15 03:46:34,0
127,4226,2.0,2010-01-15 03:48:57,0
127,36517,4.0,2010-01-15 03:49:32,1
127,55276,5.0,2010-01-15 03:49:45,1
127,68954,0.5,2010-01-15 03:52:35,0
138,2150,5.0,2008-09-29 08:12:16,1
138,2002,3.0,2008-09-29 08:12:30,0
138,849,4.5,2008-09-29 08:12:50,1
138,2427,1.5,2008-09-29 08:13:05,0
138,616,4.5,2008-09-29 08:13:18,1
138,1805,0.5,2008-09-29 08:13:37,0
138,2826,2.5,2008-09-29 08:13:47,0
138,2707,0.5,2008-09-29 08:13:53,0
138,222,5.0,2008-09-29 08:13:58,1
138,1960,4.0,2008-09-29 08:14:35,1
138,1019,5.0,2008-09-29 08:14:50,1
138,671,2.5,2008-09-29 08:15:00,0
138,898,5.0,2008-09-29 08:15:07,1
138,1411,1.5,2008-09-29 08:15:25,0
138,2116,3.0,2008-09-29 08:16:33,0
138,1959,3.5,2008-09-29 08:16:38,0
138,3996,5.0,2008-09-29 08:20:55,1
138,2924,5.0,2008-09-29 08:21:13,1
138,59784,5.0,2008-09-29 08:21:56,1
138,3972,5.0,2008-09-29 08:22:00,1
138,59103,4.5,2008-09-29 08:22:22,1
138,2582,1.5,2008-09-29 08:22:35,0
145,590,4.0,1996-05-14 20:19:08,1
145,150,3.0,1996-05-14 20:19:08,0
145,380,3.0,1996-05-14 20:19:08,0
145,296,4.0,1996-05-14 20:19:08,1
145,592,3.0,1996-05-14 20:19:08,0
145,588,4.0,1996-05-14 20:19:43,1
145,153,3.0,1996-05-14 20:19:43,0
145,165,3.0,1996-05-14 20:19:43,0
145,344,2.0,1996-05-14 20:19:43,0
145,595,4.0,1996-05-14 20:20:16,1
145,316,2.0,1996-05-14 20:20:16,0
145,318,3.0,1996-05-14 20:20:16,0
145,329,3.0,1996-05-14 20:20:16,0
145,434,3.0,1996-05-14 20:20:42,0
145,339,3.0,1996-05-14 20:20:42,0
145,1,5.0,1996-05-14 20:20:42,1
145,231,3.0,1996-05-14 20:20:42,0
145,161,4.0,1996-05-14 20:20:42,1
145,208,3.0,1996-05-14 20:23:14,0
145,292,3.0,1996-05-14 20:23:14,0
145,300,3.0,1996-05-14 20:23:14,0
145,50,5.0,1996-05-14 20:23:48,1
145,111,4.0,1996-05-14 20:24:39,1
147,2699,4.5,2008-02-17 17:01:32,1
147,1639,5.0,2008-02-17 17:01:34,1
147,163,4.5,2008-02-17 17:01:36,1
147,225,5.0,2008-02-17 17:01:38,1
147,5,4.5,2008-02-17 17:01:40,1
147,466,4.0,2008-02-17 17:01:45,1
147,2302,2.5,2008-02-17 17:01:48,0
147,1234,4.5,2008-02-17 17:01:50,1
147,555,4.5,2008-02-17 17:01:51,1
147,151,1.5,2008-02-17 17:01:53,0
147,168,0.5,2008-02-17 17:02:05,0
147,186,1.5,2008-02-17 17:02:06,0
147,2395,2.5,2008-02-17 17:02:09,0
147,596,3.0,2008-02-17 17:02:10,0
147,342,1.5,2008-02-17 17:02:11,0
147,1396,4.0,2008-02-17 17:02:12,1
147,543,2.5,2008-02-17 17:02:13,0
147,315,2.0,2008-02-17 17:02:15,0
147,1376,5.0,2008-02-17 17:02:16,1
147,552,4.5,2008-02-17 17:02:17,1
157,953,3.0,2001-06-14 00:45:16,0
157,1270,4.0,2001-06-14 00:45:16,1
157,1961,4.0,2001-06-14 00:45:46,1
157,527,5.0,2001-06-14 00:46:16,1
157,1193,3.0,2001-06-14 00:46:58,0
157,3268,2.0,2001-06-14 00:46:58,0
157,2987,4.0,2001-06-14 00:46:58,1
157,2683,4.0,2001-06-14 00:49:08,1
157,3298,4.0,2001-06-14 00:49:50,1
157,2770,3.0,2001-06-14 00:49:50,0
157,2959,5.0,2001-06-14 00:51:45,1
157,3175,2.0,2001-06-14 00:52:07,0
157,2720,2.0,2001-06-14 00:52:34,0
157,2392,3.0,2001-06-14 00:52:34,0
157,3174,3.0,2001-06-14 00:52:56,0
157,785,5.0,2001-06-14 00:52:56,1
157,3752,5.0,2001-06-14 00:52:56,1
157,2490,4.0,2001-06-14 00:53:33,1
157,3617,3.0,2001-06-14 00:53:56,0
157,2686,3.0,2001-06-14 00:53:56,0
157,2724,2.0,2001-06-14 00:54:19,0
163,1407,3.0,1998-05-03 17:45:32,0
163,1721,3.0,1998-05-03 17:45:32,0
163,1676,3.0,1998-05-03 17:45:32,0
163,1639,3.0,1998-05-03 17:45:32,0
163,1617,3.0,1998-05-03 17:45:32,0
163,1717,3.0,1998-05-03 17:45:32,0
163,1837,2.0,1998-05-03 17:45:32,0
163,1614,3.0,1998-05-03 17:45:32,0
163,1515,3.0,1998-05-03 17:45:32,0
163,1485,3.0,1998-05-03 17:45:32,0
163,1805,2.0,1998-05-03 17:45:48,0
163,1722,2.0,1998-05-03 17:45:48,0
163,1726,2.0,1998-05-03 17:45:48,0
163,1835,2.0,1998-05-03 17:45:48,0
163,1704,4.0,1998-05-03 17:46:10,1
163,1588,4.0,1998-05-03 17:46:10,1
163,1747,3.0,1998-05-03 17:46:10,0
163,1777,3.0,1998-05-03 17:46:10,0
163,1784,4.0,1998-05-03 17:46:10,1
163,1625,4.0,1998-05-03 17:46:10,1
163,1810,3.0,1998-05-03 17:46:10,0
163,1821,3.0,1998-05-03 17:46:10,0
163,1608,4.0,1998-05-03 17:46:10,1
175,531,3.5,2009-02-09 14:02:20,0
175,671,0.5,2009-02-09 14:02:39,0
175,2300,4.0,2009-02-09 14:02:50,1
175,3969,4.5,2009-02-09 14:03:21,1
175,3791,5.0,2009-02-09 14:04:12,1
175,3594,5.0,2009-02-09 14:08:07,1
175,33880,3.5,2009-02-09 14:09:34,0
175,45880,4.0,2009-02-09 14:09:48,1
175,2526,0.5,2009-02-09 14:10:16,0
175,5410,0.5,2009-02-09 14:10:18,0
175,8362,3.5,2009-02-09 14:11:45,0
175,33145,3.5,2009-02-09 14:17:43,0
175,44613,5.0,2009-02-09 14:23:10,1
175,32289,5.0,2009-02-09 14:23:33,1
175,38388,5.0,2009-02-09 14:23:53,1
175,8643,4.5,2009-02-09 14:24:58,1
175,47382,5.0,2009-02-09 14:25:12,1
175,58107,4.0,2009-02-09 14:25:14,1
175,7259,3.5,2009-02-09 14:25:58,0
175,39427,0.5,2009-02-09 14:27:45,0
175,43904,0.5,2009-02-09 14:29:01,0
175,8911,5.0,2009-02-09 14:29:24,1
175,7169,5.0,2009-02-09 14:29:32,1
175,56949,4.0,2009-02-09 14:29:41,1
180,315,3.0,2010-04-02 19:45:06,0
180,1242,3.5,2010-04-02 19:45:13,0
180,1748,3.5,2010-04-02 19:45:23,0
180,785,2.0,2010-04-02 19:45:31,0
180,3755,3.0,2010-04-02 19:45:42,0
180,2021,3.5,2010-04-02 19:46:00,0
180,2641,3.5,2010-04-02 19:46:20,0
180,2723,3.0,2010-04-02 19:46:23,0
180,3552,4.0,2010-04-02 19:46:27,1
180,2761,4.0,2010-04-02 19:46:39,1
180,2140,1.5,2010-04-02 19:46:48,0
180,2717,4.0,2010-04-02 19:46:54,1
180,3210,3.0,2010-04-02 19:47:01,0
180,1261,4.0,2010-04-02 19:47:16,1
180,1321,2.5,2010-04-02 19:47:21,0
180,1196,4.0,2010-04-02 19:51:02,1
180,1136,4.0,2010-04-02 19:51:07,1
180,1197,4.0,2010-04-02 19:51:12,1
180,260,4.5,2010-04-02 19:51:16,1
180,2959,4.5,2010-04-02 19:51:24,1
180,1213,4.5,2010-04-02 19:51:29,1
180,2571,3.5,2010-04-02 19:51:36,0
180,1198,4.0,2010-04-02 19:51:40,1
180,4993,4.5,2010-04-02 19:51:49,1
189,318,4.0,2015-08-13 11:24:14,1
189,2571,4.0,2015-08-13 11:24:17,1
189,527,4.5,2015-08-13 11:24:24,1
189,58559,5.0,2015-08-13 11:24:27,1
189,356,4.0,2015-08-13 11:24:40,1
189,5952,4.0,2015-08-13 11:24:45,1
189,2762,4.0,2015-08-13 11:24:48,1
189,7153,4.0,2015-08-13 11:24:51,1
189,4993,4.0,2015-08-13 11:24:53,1
189,79132,4.5,2015-08-13 11:24:59,1
189,1265,4.0,2015-08-13 11:25:12,1
189,54286,4.5,2015-08-13 11:25:14,1
189,593,4.0,2015-08-13 11:25:16,1
189,2959,4.0,2015-08-13 11:25:18,1
189,48516,4.0,2015-08-13 11:25:31,1
189,68954,4.5,2015-08-13 11:25:36,1
189,33794,3.5,2015-08-13 11:25:38,0
189,3578,4.0,2015-08-13 11:25:40,1
189,91529,3.5,2015-08-13 11:25:47,0
189,76093,4.0,2015-08-13 11:25:49,1
192,590,4.0,1996-06-18 20:09:11,1
192,296,3.0,1996-06-18 20:09:12,0
192,380,5.0,1996-06-18 20:09:12,1
192,150,5.0,1996-06-18 20:09:12,1
192,349,5.0,1996-06-18 20:12:26,1
192,316,4.0,1996-06-18 20:13:51,1
192,292,4.0,1996-06-18 20:14:34,1
192,10,5.0,1996-06-18 20:14:34,1
192,185,5.0,1996-06-18 20:15:12,1
192,593,3.0,1996-06-18 20:15:12,0
192,288,3.0,1996-06-18 20:15:55,0
192,110,3.0,1996-06-18 20:15:55,0
192,225,4.0,1996-06-18 20:17:11,1
192,317,3.0,1996-06-18 20:17:11,0
192,47,3.0,1996-06-18 20:17:11,0
192,266,4.0,1996-06-18 20:18:03,1
192,160,4.0,1996-06-18 20:19:08,1
192,454,4.0,1996-06-18 20:19:08,1
192,315,4.0,1996-06-18 20:20:09,1
192,432,4.0,1996-06-18 20:20:09,1
192,356,5.0,1996-06-18 20:20:57,1
192,480,5.0,1996-06-18 20:25:40,1
194,784,3.0,2005-03-08 21:16:31,0
194,2599,3.0,2005-03-08 21:16:37,0
194,1653,3.5,2005-03-08 21:16:40,0
194,1500,3.5,2005-03-08 21:16:45,0
194,315,3.5,2005-03-08 21:17:05,0
194,1288,4.0,2005-03-08 21:17:09,1
194,1252,3.5,2005-03-08 21:17:25,0
194,163,3.0,2005-03-08 21:17:33,0
194,5060,4.0,2005-03-08 21:17:44,1
194,1090,4.5,2005-03-08 21:17:51,1
194,2406,3.5,2005-03-08 21:17:55,0
194,2699,3.5,2005-03-08 21:18:05,0
194,168,3.5,2005-03-08 21:18:10,0
194,1380,2.5,2005-03-08 21:18:15,0
194,342,3.5,2005-03-08 21:18:24,0
194,48,2.0,2005-03-08 21:18:34,0
194,1396,3.5,2005-03-08 21:18:38,0
194,1035,4.0,2005-03-08 21:18:44,1
194,552,3.5,2005-03-08 21:18:56,0
194,7143,4.5,2005-03-08 21:21:54,1
207,2021,4.0,2009-11-18 12:37:51,1
207,2968,0.5,2009-11-18 12:38:03,0
207,2193,3.0,2009-11-18 12:38:41,0
207,1321,4.0,2009-11-18 12:39:44,1
207,1347,4.0,2009-11-18 12:39:50,1
207,2707,3.5,2009-11-18 12:40:02,0
207,2949,4.5,2009-11-18 12:40:26,1
207,637,1.0,2009-11-18 12:41:01,0
207,743,1.5,2009-11-18 12:41:10,0
207,3263,3.5,2009-11-18 12:42:01,0
207,2428,3.5,2009-11-18 12:42:33,0
207,1556,1.0,2009-11-18 12:43:10,0
207,2384,0.5,2009-11-18 12:43:26,0
207,1283,3.5,2009-11-18 12:43:56,0
207,2991,4.0,2009-11-18 12:44:12,1
207,3264,0.5,2009-11-18 12:44:17,0
207,3740,3.5,2009-11-18 12:44:22,0
207,100,3.0,2009-11-18 12:44:30,0
207,2858,5.0,2009-11-18 12:49:15,1
207,2329,3.5,2009-11-18 12:49:21,0
214,780,3.0,1997-01-22 12:57:34,0
214,1,3.0,1997-01-22 12:57:35,0
214,17,3.0,1997-01-22 12:57:35,0
214,25,2.0,1997-01-22 12:57:35,0
214,62,3.0,1997-01-22 12:57:35,0
214,141,2.0,1997-01-22 12:57:35,0
214,648,3.0,1997-01-22 12:57:35,0
214,736,2.0,1997-01-22 12:57:35,0
214,1073,3.0,1997-01-22 12:58:42,0
214,104,3.0,1997-01-22 12:58:42,0
214,788,2.0,1997-01-22 12:58:42,0
214,1356,3.0,1997-01-22 12:59:19,0
214,661,3.0,1997-01-22 12:59:19,0
214,628,3.0,1997-01-22 12:59:19,0
214,743,3.0,1997-01-22 12:59:49,0
214,802,3.0,1997-01-22 12:59:49,0
214,719,3.0,1997-01-22 12:59:49,0
214,66,3.0,1997-01-22 13:00:14,0
214,1059,4.0,1997-01-22 13:01:43,1
214,83,3.0,1997-01-22 13:03:05,0
214,1409,3.0,1997-01-22 13:03:26,0
214,1363,3.0,1997-01-22 13:03:43,0
231,1198,4.0,2015-05-31 16:24:06,1
231,260,4.0,2015-05-31 16:24:09,1
231,1196,3.5,2015-05-31 16:24:13,0
231,1291,4.0,2015-05-31 16:24:15,1
231,2571,5.0,2015-05-31 16:24:16,1
231,527,2.0,2015-05-31 16:24:32,0
231,1200,5.0,2015-05-31 16:24:43,1
231,1270,4.0,2015-05-31 16:24:47,1
231,1240,4.0,2015-05-31 16:24:50,1
231,589,5.0,2015-05-31 16:24:51,1
231,1036,5.0,2015-05-31 16:24:54,1
231,1214,4.0,2015-05-31 16:25:06,1
231,593,4.0,2015-05-31 16:25:10,1
231,5952,3.0,2015-05-31 16:25:16,0
231,858,4.0,2015-05-31 16:25:20,1
231,3462,3.0,2015-05-31 16:25:23,0
231,92259,2.0,2015-05-31 16:25:26,0
231,2858,4.0,2015-05-31 16:25:33,1
231,296,4.0,2015-05-31 16:25:40,1
231,109487,3.0,2015-05-31 16:25:43,0
231,63082,5.0,2015-05-31 16:25:46,1
231,1704,2.0,2015-05-31 16:25:54,0
231,58559,5.0,2015-05-31 16:26:23,1
231,54286,4.0,2015-05-31 16:27:31,1
245,162,3.0,2000-02-22 01:22:46,0
245,2739,3.0,2000-02-22 01:23:50,0
245,912,3.0,2000-02-22 01:24:09,0
245,3101,1.0,2000-02-22 01:24:54,0
245,1092,1.0,2000-02-22 01:24:54,0
245,246,4.0,2000-02-22 01:25:58,1
245,581,3.0,2000-02-22 01:26:18,0
245,1361,3.0,2000-02-22 01:26:18,0
245,2064,2.0,2000-02-22 01:26:39,0
245,1189,4.0,2000-02-22 01:26:39,1
245,3106,1.0,2000-02-22 01:30:42,0
245,3196,3.0,2000-02-22 01:30:42,0
245,858,2.0,2000-02-22 01:31:30,0
245,1148,3.0,2000-02-22 01:32:43,0
245,745,3.0,2000-02-22 01:32:43,0
245,2289,3.0,2000-02-22 01:33:11,0
245,2599,3.0,2000-02-22 01:33:11,0
245,3114,4.0,2000-02-22 01:33:11,1
245,3257,3.0,2000-02-22 01:35:29,0
245,3252,3.0,2000-02-22 01:37:21,0
245,3274,2.0,2000-02-22 01:37:21,0
251,318,5.0,2016-08-08 17:17:30,1
251,527,5.0,2016-08-08 17:17:32,1
251,2571,5.0,2016-08-08 17:17:53,1
251,2959,5.0,2016-08-08 17:17:55,1
251,593,5.0,2016-08-08 17:18:15,1
251,2028,5.0,2016-08-08 17:18:35,1
251,296,5.0,2016-08-08 17:18:37,1
251,293,5.0,2016-08-08 17:18:42,1
251,1704,5.0,2016-08-08 17:19:03,1
251,1089,5.0,2016-08-08 17:20:03,1
251,78499,5.0,2016-08-08 17:20:11,1
251,608,5.0,2016-08-08 17:20:29,1
251,1259,5.0,2016-08-08 17:20:40,1
251,50872,2.5,2016-08-08 17:21:07,0
251,111,4.5,2016-08-08 17:21:38,1
251,1197,5.0,2016-08-08 17:26:13,1
251,5971,5.0,2016-08-08 17:26:21,1
251,1208,5.0,2016-08-08 17:26:44,1
251,142115,5.0,2016-08-08 17:27:45,1
251,47,5.0,2016-08-08 17:27:48,1
251,1225,5.0,2016-08-08 17:28:13,1
251,356,5.0,2016-08-08 17:28:18,1
251,159817,5.0,2016-08-08 17:28:20,1
257,3996,4.5,2006-03-06 06:03:19,1
257,594,3.5,2006-03-06 06:05:01,0
257,16,3.5,2006-03-06 06:10:41,0
257,5952,3.0,2006-03-06 06:10:49,0
257,2791,3.5,2006-03-06 06:12:07,0
257,420,4.0,2006-03-06 06:12:11,1
257,1304,2.5,2006-03-06 06:12:12,0
257,653,4.0,2006-03-06 06:12:14,1
257,494,3.0,2006-03-06 06:12:23,0
257,7,1.0,2006-03-06 06:12:26,0
257,1288,4.5,2006-03-06 06:13:26,1
257,2599,1.5,2006-03-06 06:13:27,0
257,1500,2.0,2006-03-06 06:13:28,0
257,5445,4.0,2006-03-06 06:13:31,1
257,370,3.5,2006-03-06 06:13:33,0
257,2502,1.5,2006-03-06 06:13:36,0
257,112,3.5,2006-03-06 06:13:36,0
257,784,3.5,2006-03-06 06:13:42,0
257,1380,4.0,2006-03-06 06:13:46,1
257,2406,3.5,2006-03-06 06:14:09,0
278,2144,3.5,2007-10-30 14:05:28,0
278,2427,4.5,2007-10-30 14:05:36,1
278,2352,4.5,2007-10-30 14:05:45,1
278,3210,4.0,2007-10-30 14:05:50,1
278,1347,3.0,2007-10-30 14:06:03,0
278,3148,4.0,2007-10-30 14:06:14,1
278,4321,3.0,2007-10-30 14:06:22,0
278,2109,1.5,2007-10-30 14:06:27,0
278,3396,3.0,2007-10-30 14:06:30,0
278,4002,4.0,2007-10-30 14:06:34,1
278,3105,4.5,2007-10-30 14:06:40,1
278,2369,2.5,2007-10-30 14:06:44,0
278,2371,3.0,2007-10-30 14:06:47,0
278,1635,5.0,2007-10-30 14:06:50,1
278,880,3.5,2007-10-30 14:06:53,0
278,203,4.0,2007-10-30 14:07:00,1
278,318,5.0,2007-10-30 14:08:33,1
278,50,5.0,2007-10-30 14:08:36,1
278,527,5.0,2007-10-30 14:08:47,1
278,54272,5.0,2007-10-30 14:10:05,1
281,783,2.5,2007-06-28 03:01:07,0
281,252,3.0,2007-06-28 03:01:13,0
281,2023,1.0,2007-06-28 03:01:28,0
281,2694,3.0,2007-06-28 03:01:44,0
281,8368,4.0,2007-06-28 03:06:42,1
281,362,2.0,2007-06-28 03:06:50,0
281,428,3.5,2007-06-28 03:08:44,0
281,35836,4.0,2007-06-28 03:09:37,1
281,1381,3.0,2007-06-28 03:09:40,0
281,1515,1.5,2007-06-28 03:09:47,0
281,8361,3.0,2007-06-28 03:10:11,0
281,46578,4.5,2007-06-28 03:10:35,1
281,4214,3.0,2007-06-28 03:10:40,0
281,7325,4.0,2007-06-28 03:11:11,1
281,3861,3.0,2007-06-28 03:11:18,0
281,51662,4.5,2007-06-28 03:13:53,1
281,5377,3.5,2007-06-28 03:14:07,0
281,3897,3.5,2007-06-28 03:14:50,0
281,2329,4.0,2007-06-28 03:15:08,1
281,2858,3.5,2007-06-28 03:15:42,0
281,3911,3.5,2007-06-28 03:17:11,0
289,1208,4.0,2006-03-27 01:56:13,1
289,1917,3.0,2006-03-27 01:56:15,0
289,1220,3.5,2006-03-27 01:56:22,0
289,750,4.5,2006-03-27 01:56:36,1
289,266,3.5,2006-03-27 01:56:42,0
289,594,3.5,2006-03-27 01:56:45,0
289,1101,2.0,2006-03-27 01:56:49,0
289,708,3.0,2006-03-27 01:56:56,0
289,2012,3.5,2006-03-27 01:57:10,0
289,2174,4.5,2006-03-27 01:57:13,1
289,2797,3.0,2006-03-27 01:57:19,0
289,2710,2.5,2006-03-27 01:57:25,0
289,16,4.5,2006-03-27 01:57:28,1
289,235,4.0,2006-03-27 01:57:31,1
289,3,2.5,2006-03-27 01:57:37,0
289,1080,3.5,2006-03-27 01:57:40,0
289,1258,4.0,2006-03-27 01:57:43,1
289,6125,3.5,2006-03-27 02:02:50,0
289,26704,4.0,2006-03-27 02:03:02,1
289,6453,3.5,2006-03-27 02:03:15,0
289,4322,4.5,2006-03-27 02:03:28,1
289,7028,4.0,2006-03-27 02:03:32,1
289,7025,5.0,2006-03-27 02:03:40,1
289,6327,3.5,2006-03-27 02:03:57,0
293,1617,3.0,2003-02-10 09:52:10,0
293,742,2.0,2003-02-10 09:52:10,0
293,5313,2.0,2003-02-10 09:52:26,0
293,593,4.0,2003-02-10 09:52:36,1
293,608,3.0,2003-02-10 09:52:53,0
293,2003,2.0,2003-02-10 09:53:08,0
293,344,2.0,2003-02-10 09:54:14,0
293,3744,2.0,2003-02-10 09:54:15,0
293,1682,4.0,2003-02-10 09:54:15,1
293,1097,2.0,2003-02-10 09:54:15,0
293,1,3.0,2003-02-10 09:54:46,0
293,1673,4.0,2003-02-10 09:55:48,1
293,743,2.0,2003-02-10 09:56:42,0
293,2411,3.0,2003-02-10 09:56:42,0
293,420,2.0,2003-02-10 09:56:42,0
293,1029,2.0,2003-02-10 09:56:58,0
293,2421,3.0,2003-02-10 09:56:58,0
293,4558,2.0,2003-02-10 09:56:58,0
293,1917,3.0,2003-02-10 09:57:09,0
293,3646,2.0,2003-02-10 09:57:25,0
293,151,3.0,2003-02-10 09:57:37,0
299,1198,4.0,2000-11-19 07:48:49,1
299,1961,4.0,2000-11-19 07:48:49,1
299,2,3.0,2000-11-19 07:49:11,0
299,188,2.0,2000-11-19 07:49:11,0
299,2628,2.0,2000-11-19 07:49:11,0
299,3753,4.0,2000-11-19 07:51:40,1
299,3624,4.0,2000-11-19 07:51:40,1
299,3623,3.0,2000-11-19 07:51:40,0
299,3578,5.0,2000-11-19 07:51:40,1
299,3755,3.0,2000-11-19 07:51:40,0
299,3300,4.0,2000-11-19 07:51:40,1
299,3793,4.0,2000-11-19 07:51:40,1
299,3316,3.0,2000-11-19 07:51:59,0
299,3452,3.0,2000-11-19 07:51:59,0
299,3555,4.0,2000-11-19 07:51:59,1
299,3717,4.0,2000-11-19 07:51:59,1
299,1387,4.0,2000-11-19 07:53:24,1
299,1258,4.0,2000-11-19 07:53:24,1
299,1214,3.0,2000-11-19 07:53:24,0
299,1997,4.0,2000-11-19 07:53:38,1
299,3499,5.0,2000-11-19 07:53:38,1
299,1994,4.0,2000-11-19 07:54:22,1
299,2716,4.0,2000-11-19 07:54:22,1
320,2058,4.0,2010-09-12 00:17:04,1
320,3703,3.0,2010-09-12 00:17:23,0
320,3745,3.5,2010-09-12 00:18:24,0
320,3534,4.0,2010-09-12 00:18:48,1
320,1013,3.5,2010-09-12 00:18:55,0
320,5785,4.0,2010-09-12 00:20:11,1
320,3404,0.5,2010-09-12 00:20:54,0
320,71535,4.0,2010-09-12 00:21:03,1
320,4387,4.0,2010-09-12 00:21:33,1
320,6857,3.5,2010-09-12 00:21:38,0
320,59900,3.0,2010-09-12 00:24:34,0
320,62999,3.5,2010-09-12 00:24:57,0
320,26555,3.5,2010-09-12 00:25:03,0
320,42718,3.5,2010-09-12 00:25:12,0
320,31184,4.0,2010-09-12 00:26:03,1
320,6283,3.5,2010-09-12 00:33:47,0
320,59315,4.0,2010-09-12 00:33:57,1
320,68358,4.0,2010-09-12 00:34:02,1
320,3578,3.5,2010-09-12 00:34:06,0
320,72998,4.0,2010-09-12 00:34:30,1
324,1197,3.0,2000-11-22 15:20:29,0
324,432,2.0,2000-11-22 15:21:01,0
324,2764,3.0,2000-11-22 15:21:01,0
324,608,5.0,2000-11-22 15:21:32,1
324,858,4.0,2000-11-22 15:21:32,1
324,2968,3.0,2000-11-22 15:21:32,0
324,3972,5.0,2000-11-22 15:23:05,1
324,3893,4.0,2000-11-22 15:23:05,1
324,3897,4.0,2000-11-22 15:23:05,1
324,3910,4.0,2000-11-22 15:23:05,1
324,3915,4.0,2000-11-22 15:23:05,1
324,3948,4.0,2000-11-22 15:23:05,1
324,3952,2.0,2000-11-22 15:23:34,0
324,3978,3.0,2000-11-22 15:23:34,0
324,3949,3.0,2000-11-22 15:24:00,0
324,3979,1.0,2000-11-22 15:24:27,0
324,3884,2.0,2000-11-22 15:25:05,0
324,3943,4.0,2000-11-22 15:25:05,1
324,3912,1.0,2000-11-22 15:25:33,0
324,3864,4.0,2000-11-22 15:25:33,1
324,3899,1.0,2000-11-22 15:25:42,0
329,1292,5.0,2018-04-11 17:36:40,1
329,4789,5.0,2018-04-11 17:36:58,1
329,1258,5.0,2018-04-11 17:37:06,1
329,1958,4.0,2018-04-11 17:37:19,1
329,130482,4.0,2018-04-11 17:37:34,1
329,1884,5.0,2018-04-11 17:37:44,1
329,1237,5.0,2018-04-11 17:38:03,1
329,136850,5.0,2018-04-11 17:38:23,1
329,1193,4.0,2018-04-11 17:38:42,1
329,318,2.0,2018-04-11 17:38:45,0
329,858,2.0,2018-04-11 17:38:46,0
329,50,2.0,2018-04-11 17:38:52,0
329,593,2.0,2018-04-11 17:39:00,0
329,750,3.0,2018-04-11 17:39:06,0
329,1252,2.0,2018-04-11 17:39:10,0
329,1732,0.5,2018-04-11 17:39:40,0
329,1136,0.5,2018-04-11 17:39:42,0
329,778,4.5,2018-04-11 17:39:44,1
329,1206,0.5,2018-04-11 17:39:53,0
329,1080,0.5,2018-04-11 17:39:54,0
329,4262,0.5,2018-04-11 17:40:03,0
329,1219,2.0,2018-04-11 17:40:10,0
329,1201,2.0,2018-04-11 17:40:13,0
364,1,5.0,1997-07-21 00:02:46,1
364,32,3.0,1997-07-21 00:02:46,0
364,780,5.0,1997-07-21 00:02:46,1
364,736,4.0,1997-07-21 00:02:46,1
364,95,5.0,1997-07-21 00:02:47,1
364,141,4.0,1997-07-21 00:02:47,1
364,648,3.0,1997-07-21 00:02:47,0
364,1073,5.0,1997-07-21 00:03:44,1
364,786,4.0,1997-07-21 00:03:44,1
364,733,4.0,1997-07-21 00:03:44,1
364,494,5.0,1997-07-21 00:03:44,1
364,260,4.0,1997-07-21 00:03:44,1
364,832,5.0,1997-07-21 00:09:32,1
364,858,5.0,1997-07-21 00:09:32,1
364,628,5.0,1997-07-21 00:09:32,1
364,1356,4.0,1997-07-21 00:09:32,1
364,1210,3.0,1997-07-21 00:09:33,0
364,805,4.0,1997-07-21 00:09:33,1
364,376,5.0,1997-07-21 00:10:02,1
364,783,3.0,1997-07-21 00:10:02,0
364,9,3.0,1997-07-21 00:10:02,0
394,590,2.0,1996-08-02 13:55:23,0
394,150,3.0,1996-08-02 13:55:23,0
394,592,3.0,1996-08-02 13:55:23,0
394,380,3.0,1996-08-02 13:55:25,0
394,588,2.0,1996-08-02 13:56:13,0
394,153,3.0,1996-08-02 13:56:13,0
394,344,2.0,1996-08-02 13:56:13,0
394,595,2.0,1996-08-02 13:56:51,0
394,316,2.0,1996-08-02 13:56:51,0
394,457,4.0,1996-08-02 13:57:43,1
394,185,3.0,1996-08-02 13:58:31,0
394,208,1.0,1996-08-02 13:58:31,0
394,339,3.0,1996-08-02 13:58:31,0
394,480,3.0,1996-08-02 13:59:16,0
394,356,4.0,1996-08-02 13:59:16,1
394,110,5.0,1996-08-02 13:59:16,1
394,410,2.0,1996-08-02 13:59:16,0
394,454,2.0,1996-08-02 13:59:58,0
394,34,3.0,1996-08-02 13:59:58,0
394,367,3.0,1996-08-02 14:01:00,0
394,225,4.0,1996-08-02 14:01:00,1
394,553,4.0,1996-08-02 14:03:46,1
394,50,5.0,1996-08-02 14:03:46,1
397,1953,4.5,2007-06-16 04:00:34,1
397,1244,5.0,2007-06-16 04:00:46,1
397,232,4.5,2007-06-16 04:02:37,1
397,1077,4.0,2007-06-16 04:02:43,1
397,2359,3.0,2007-06-16 04:02:56,0
397,2371,2.5,2007-06-16 04:03:08,0
397,1104,4.5,2007-06-16 04:03:13,1
397,1701,4.0,2007-06-16 04:04:04,1
397,492,5.0,2007-06-16 04:04:07,1
397,4017,4.0,2007-06-16 04:04:58,1
397,3388,2.0,2007-06-16 04:05:06,0
397,123,5.0,2007-06-16 04:05:12,1
397,4037,3.5,2007-06-16 04:05:32,0
397,5650,2.5,2007-06-16 04:05:59,0
397,8042,3.5,2007-06-16 04:07:30,0
397,44555,4.0,2007-06-16 04:14:00,1
397,5291,4.0,2007-06-16 04:14:45,1
397,6993,4.5,2007-06-16 04:14:51,1
397,6016,4.0,2007-06-16 04:15:57,1
397,8228,4.0,2007-06-16 04:16:03,1
397,1230,5.0,2007-06-16 04:16:31,1
397,750,4.0,2007-06-16 04:17:09,1
397,8645,4.0,2007-06-16 04:17:17,1
406,1282,1.5,2011-02-06 02:26:18,0
406,2100,0.5,2011-02-06 02:26:22,0
406,261,4.0,2011-02-06 02:26:35,1
406,2005,2.0,2011-02-06 02:26:47,0
406,277,3.0,2011-02-06 02:26:52,0
406,2694,3.5,2011-02-06 02:26:58,0
406,1022,3.5,2011-02-06 02:27:04,0
406,724,3.0,2011-02-06 02:27:09,0
406,531,1.0,2011-02-06 02:27:30,0
406,2722,3.5,2011-02-06 02:27:47,0
406,1644,2.0,2011-02-06 02:27:56,0
406,1586,3.0,2011-02-06 02:28:06,0
406,135,4.0,2011-02-06 02:28:11,1
406,2125,5.0,2011-02-06 02:28:31,1
406,2137,3.0,2011-02-06 02:28:34,0
406,5620,5.0,2011-02-06 02:29:55,1
406,56949,5.0,2011-02-06 02:29:57,1
406,44840,3.5,2011-02-06 02:30:06,0
406,46972,4.0,2011-02-06 02:30:10,1
406,33669,5.0,2011-02-06 02:30:18,1
407,260,4.0,2015-02-19 12:32:44,1
407,1196,4.0,2015-02-19 12:32:49,1
407,2571,5.0,2015-02-19 12:32:51,1
407,1291,4.0,2015-02-19 12:32:54,1
407,58559,5.0,2015-02-19 12:32:56,1
407,7153,5.0,2015-02-19 12:32:59,1
407,4993,5.0,2015-02-19 12:33:09,1
407,5952,5.0,2015-02-19 12:33:11,1
407,6539,4.0,2015-02-19 12:33:18,1
407,5445,5.0,2015-02-19 12:33:20,1
407,109374,3.5,2015-02-19 12:33:31,0
407,112556,5.0,2015-02-19 12:33:35,1
407,54286,3.5,2015-02-19 12:39:33,0
407,1240,3.0,2015-02-19 12:39:36,0
407,76093,4.0,2015-02-19 12:39:40,1
407,68954,3.0,2015-02-19 12:40:13,0
407,2959,5.0,2015-02-19 12:40:14,1
407,60069,2.5,2015-02-19 12:40:18,0
407,2028,4.0,2015-02-19 12:40:22,1
407,59315,5.0,2015-02-19 12:40:24,1
407,293,3.0,2015-02-19 12:40:33,0
407,1036,3.0,2015-02-19 12:40:36,0
423,1080,2.0,2006-08-11 08:37:08,0
423,104,3.0,2006-08-11 08:37:12,0
423,1304,4.0,2006-08-11 08:37:25,1
423,653,2.0,2006-08-11 08:37:34,0
423,435,4.5,2006-08-11 08:37:54,1
423,1653,5.0,2006-08-11 08:37:57,1
423,5445,3.5,2006-08-11 08:38:03,0
423,2268,4.0,2006-08-11 08:38:36,1
423,3623,3.0,2006-08-11 08:38:54,0
423,2194,4.5,2006-08-11 08:38:58,1
423,1278,5.0,2006-08-11 08:39:01,1
423,5349,1.0,2006-08-11 08:39:12,0
423,1320,1.5,2006-08-11 08:39:19,0
423,4995,3.5,2006-08-11 08:39:51,0
423,3753,1.0,2006-08-11 08:40:17,0
423,296,4.5,2006-08-11 08:43:57,1
423,356,5.0,2006-08-11 08:44:04,1
423,480,5.0,2006-08-11 08:44:06,1
423,457,4.5,2006-08-11 08:44:10,1
423,318,5.0,2006-08-11 08:44:13,1
423,150,5.0,2006-08-11 08:44:17,1
423,110,4.0,2006-08-11 08:44:24,1
423,589,5.0,2006-08-11 08:44:29,1
431,1625,4.0,2010-02-24 22:49:19,1
431,1278,4.0,2010-02-24 22:49:25,1
431,1639,1.5,2010-02-24 22:49:31,0
431,435,0.5,2010-02-24 22:49:38,0
431,555,5.0,2010-02-24 22:49:42,1
431,163,3.0,2010-02-24 22:49:47,0
431,466,2.0,2010-02-24 22:49:50,0
431,2406,3.0,2010-02-24 22:49:54,0
431,3948,3.0,2010-02-24 22:49:56,0
431,1234,4.0,2010-02-24 22:50:03,1
431,2006,1.5,2010-02-24 22:50:10,0
431,158,1.0,2010-02-24 22:50:13,0
431,485,2.5,2010-02-24 22:50:16,0
431,552,2.5,2010-02-24 22:50:21,0
431,903,3.0,2010-02-24 22:50:25,0
431,1376,2.5,2010-02-24 22:50:29,0
431,1233,4.5,2010-02-24 22:50:32,1
431,172,2.0,2010-02-24 22:50:37,0
431,543,3.5,2010-02-24 22:50:41,0
431,802,1.5,2010-02-24 22:50:45,0
433,318,4.5,2017-10-01 02:10:18,1
433,2959,4.0,2017-10-01 02:10:25,1
433,296,5.0,2017-10-01 02:10:37,1
433,527,2.5,2017-10-01 02:10:54,0
433,79132,3.0,2017-10-01 02:10:59,0
433,6016,3.5,2017-10-01 02:11:04,0
433,50,5.0,2017-10-01 02:11:24,1
433,110,3.0,2017-10-01 02:11:27,0
433,47,3.0,2017-10-01 02:11:40,0
433,608,4.0,2017-10-01 02:11:44,1
433,174055,1.5,2017-10-01 02:11:53,0
433,164179,5.0,2017-10-01 02:11:55,1
433,593,4.0,2017-10-01 02:12:27,1
433,2329,4.0,2017-10-01 02:12:35,1
433,1089,4.0,2017-10-01 02:12:39,1
433,5299,5.0,2017-10-01 02:13:06,1
433,778,4.5,2017-10-01 02:13:59,1
433,6874,4.0,2017-10-01 02:14:04,1
433,91529,4.5,2017-10-01 02:14:18,1
433,74458,3.0,2017-10-01 02:14:21,0
433,99114,2.0,2017-10-01 02:14:23,0
433,80463,4.0,2017-10-01 02:14:32,1
439,318,5.0,2015-07-15 07:02:24,1
439,2571,5.0,2015-07-15 07:02:30,1
439,7153,5.0,2015-07-15 07:02:42,1
439,527,4.5,2015-07-15 07:02:55,1
439,1291,3.0,2015-07-15 07:03:06,0
439,1198,4.5,2015-07-15 07:03:10,1
439,2355,4.0,2015-07-15 07:03:25,1
439,4022,4.5,2015-07-15 07:03:33,1
439,1917,2.0,2015-07-15 07:04:11,0
439,4993,5.0,2015-07-15 07:04:40,1
439,1036,4.5,2015-07-15 07:04:44,1
439,110,3.5,2015-07-15 07:04:53,0
439,2028,4.0,2015-07-15 07:04:55,1
439,589,3.5,2015-07-15 07:05:01,0
439,356,5.0,2015-07-15 07:05:06,1
439,1240,4.0,2015-07-15 07:05:17,1
439,96606,4.0,2015-07-15 07:05:40,1
439,78499,4.0,2015-07-15 07:06:10,1
439,8961,4.0,2015-07-15 07:06:13,1
439,5952,4.0,2015-07-15 07:06:51,1
439,98809,3.5,2015-07-15 07:07:47,0
442,1272,0.5,2012-03-12 13:54:20,0
442,2908,2.0,2012-03-12 13:54:32,0
442,3107,0.5,2012-03-12 13:54:37,0
442,3510,1.0,2012-03-12 13:54:47,0
442,4361,2.5,2012-03-12 13:54:52,0
442,362,2.5,2012-03-12 13:54:58,0
442,524,2.0,2012-03-12 13:55:06,0
442,616,1.5,2012-03-12 13:55:12,0
442,2881,0.5,2012-03-12 13:55:18,0
442,3863,0.5,2012-03-12 13:55:22,0
442,468,1.5,2012-03-12 13:55:38,0
442,610,1.0,2012-03-12 13:55:45,0
442,2145,2.0,2012-03-12 13:55:50,0
442,1186,1.0,2012-03-12 13:55:56,0
442,3363,1.5,2012-03-12 13:56:04,0
442,2020,1.0,2012-03-12 13:56:10,0
442,1644,0.5,2012-03-12 13:56:15,0
442,1231,1.0,2012-03-12 13:56:17,0
442,3752,2.0,2012-03-12 13:56:22,0
442,3386,0.5,2012-03-12 13:56:26,0
467,2390,5.0,1999-02-22 08:00:53,1
467,2324,5.0,1999-02-22 08:00:53,1
467,2393,1.0,1999-02-22 08:02:27,0
467,2394,2.0,1999-02-22 08:02:39,0
467,2493,4.0,1999-02-22 08:05:53,1
467,2334,3.0,1999-02-22 08:06:33,0
467,2384,2.0,1999-02-22 08:12:36,0
467,527,5.0,1999-02-22 08:18:59,1
467,2028,4.0,1999-02-22 08:18:59,1
467,1233,5.0,1999-02-22 08:18:59,1
467,41,4.0,1999-02-22 08:25:22,1
467,1183,5.0,1999-02-22 08:26:16,1
467,1721,4.0,1999-02-22 08:27:34,1
467,2125,2.0,1999-02-22 08:27:34,0
467,593,1.0,1999-02-22 08:27:34,0
467,1357,4.0,1999-02-22 08:27:34,1
467,58,5.0,1999-02-22 08:28:19,1
467,1365,4.0,1999-02-22 08:28:19,1
467,389,4.0,1999-02-22 08:31:15,1
467,1408,3.0,1999-02-22 08:31:55,0
467,780,2.0,1999-02-22 08:32:35,0
467,466,1.0,1999-02-22 08:33:32,0
478,350,4.5,2005-07-15 22:41:14,1
478,1584,2.5,2005-07-15 22:41:18,0
478,786,2.0,2005-07-15 22:41:24,0
478,266,1.5,2005-07-15 22:41:28,0
478,368,3.5,2005-07-15 22:41:32,0
478,594,3.5,2005-07-15 22:41:36,0
478,708,2.0,2005-07-15 22:41:42,0
478,2987,2.5,2005-07-15 22:41:51,0
478,1225,3.5,2005-07-15 22:41:58,0
478,1917,2.0,2005-07-15 22:42:00,0
478,104,2.0,2005-07-15 22:42:07,0
478,1101,3.0,2005-07-15 22:42:10,0
478,3114,3.0,2005-07-15 22:42:12,0
478,337,2.5,2005-07-15 22:42:15,0
478,3793,3.5,2005-07-15 22:42:21,0
478,33794,4.5,2005-07-15 22:43:41,1
478,33493,4.0,2005-07-15 22:43:44,1
478,33679,4.0,2005-07-15 22:43:51,1
478,34048,2.0,2005-07-15 22:43:55,0
478,33164,0.5,2005-07-15 22:44:49,0
478,33669,1.5,2005-07-15 22:45:04,0
478,1073,4.0,2005-07-15 22:46:03,1
485,590,5.0,1996-07-21 10:00:15,1
485,150,5.0,1996-07-21 10:00:15,1
485,380,5.0,1996-07-21 10:00:15,1
485,592,3.0,1996-07-21 10:00:15,0
485,165,5.0,1996-07-21 10:01:00,1
485,588,4.0,1996-07-21 10:01:01,1
485,349,5.0,1996-07-21 10:01:01,1
485,316,3.0,1996-07-21 10:01:33,0
485,231,1.0,1996-07-21 10:01:33,0
485,329,4.0,1996-07-21 10:01:33,1
485,292,5.0,1996-07-21 10:01:59,1
485,457,4.0,1996-07-21 10:02:00,1
485,434,4.0,1996-07-21 10:02:00,1
485,593,5.0,1996-07-21 10:02:00,1
485,161,5.0,1996-07-21 10:02:00,1
485,253,1.0,1996-07-21 10:02:30,0
485,208,1.0,1996-07-21 10:02:30,0
485,185,5.0,1996-07-21 10:02:30,1
485,339,4.0,1996-07-21 10:02:30,1
485,10,4.0,1996-07-21 10:02:30,1
485,300,3.0,1996-07-21 10:03:04,0
485,356,5.0,1996-07-21 10:03:04,1
485,110,3.0,1996-07-21 10:03:04,0
494,1198,5.0,2001-09-13 12:27:23,1
494,367,2.0,2001-09-13 12:27:23,0
494,1204,3.0,2001-09-13 12:27:55,0
494,480,3.0,2001-09-13 12:27:55,0
494,344,1.0,2001-09-13 12:28:33,0
494,316,3.0,2001-09-28 08:40:23,0
494,1201,4.0,2001-09-28 08:40:23,1
494,110,5.0,2001-09-28 08:40:39,1
494,1210,4.0,2001-09-28 08:41:15,1
494,2028,5.0,2001-09-28 08:41:15,1
494,1196,5.0,2001-09-28 08:42:44,1
494,260,5.0,2001-09-28 08:42:44,1
494,1221,5.0,2001-09-28 08:42:44,1
494,858,5.0,2001-09-28 08:42:44,1
494,4498,3.0,2001-09-28 08:42:44,0
494,1200,5.0,2001-09-28 08:43:09,1
494,1214,5.0,2001-09-28 08:43:09,1
494,2571,5.0,2001-09-28 08:43:09,1
494,1036,5.0,2001-09-28 08:44:01,1
494,3578,5.0,2001-09-28 08:44:01,1
494,589,5.0,2001-09-28 08:44:01,1
494,1291,5.0,2001-09-28 08:44:01,1
507,590,3.0,1996-08-02 05:42:29,0
507,150,3.0,1996-08-02 05:42:30,0
507,349,3.0,1996-08-02 05:42:52,0
507,153,3.0,1996-08-02 05:42:52,0
507,165,3.0,1996-08-02 05:42:52,0
507,595,3.0,1996-08-02 05:43:12,0
507,593,3.0,1996-08-02 05:43:12,0
507,316,3.0,1996-08-02 05:43:12,0
507,457,4.0,1996-08-02 05:43:24,1
507,339,4.0,1996-08-02 05:43:48,1
507,253,3.0,1996-08-02 05:43:48,0
507,110,3.0,1996-08-02 05:44:08,0
507,356,4.0,1996-08-02 05:44:08,1
507,480,4.0,1996-08-02 05:44:08,1
507,454,3.0,1996-08-02 05:44:43,0
507,47,3.0,1996-08-02 05:44:43,0
507,34,5.0,1996-08-02 05:44:43,1
507,589,3.0,1996-08-02 05:45:03,0
507,377,5.0,1996-08-02 05:45:28,1
507,39,3.0,1996-08-02 05:45:28,0
507,266,3.0,1996-08-02 05:46:05,0
508,2366,1.5,2010-03-11 08:50:55,0
508,3148,1.0,2010-03-11 08:51:17,0
508,3396,2.0,2010-03-11 08:51:21,0
508,107,2.0,2010-03-11 08:51:25,0
508,135,1.0,2010-03-11 08:51:28,0
508,307,1.0,2010-03-11 08:51:32,0
508,1296,1.0,2010-03-11 08:51:36,0
508,1378,2.0,2010-03-11 08:51:38,0
508,671,2.5,2010-03-11 08:51:42,0
508,3317,2.0,2010-03-11 08:51:44,0
508,898,2.0,2010-03-11 08:51:55,0
508,1175,1.5,2010-03-11 08:51:58,0
508,1952,2.0,2010-03-11 08:52:01,0
508,2300,1.5,2010-03-11 08:52:04,0
508,2394,1.5,2010-03-11 08:52:06,0
508,2872,1.5,2010-03-11 08:52:09,0
508,799,2.0,2010-03-11 08:52:12,0
508,1409,2.0,2010-03-11 08:52:14,0
508,562,2.5,2010-03-11 08:52:17,0
508,2243,2.0,2010-03-11 08:52:19,0
508,1270,4.5,2010-03-11 09:04:13,1
508,2011,4.0,2010-03-11 09:04:29,1
508,2012,4.0,2010-03-11 09:04:32,1
508,1222,4.5,2010-03-11 09:07:40,1
518,1380,2.0,2003-06-29 17:24:08,0
518,783,3.0,2003-06-29 17:24:19,0
518,2657,4.5,2003-06-29 17:24:23,1
518,1372,4.0,2003-06-29 17:24:42,1
518,3897,4.5,2003-06-29 17:24:52,1
518,1215,4.0,2003-06-29 17:24:56,1
518,1276,4.5,2003-06-29 17:25:06,1
518,3101,3.0,2003-06-29 17:25:14,0
518,1876,4.5,2003-06-29 17:25:29,1
518,2353,4.0,2003-06-29 17:26:45,1
518,3753,2.5,2003-06-29 17:26:50,0
518,2289,5.0,2003-06-29 17:26:54,1
518,3418,3.0,2003-06-29 17:26:59,0
518,1597,3.5,2003-06-29 17:27:06,0
518,31,1.0,2003-06-29 17:27:09,0
518,468,3.0,2003-06-29 17:27:14,0
518,1275,4.0,2003-06-29 17:27:18,1
518,24,2.5,2003-06-29 17:27:23,0
518,1371,0.5,2003-06-29 17:27:27,0
518,1747,4.0,2003-06-29 17:27:39,1
518,6365,4.0,2003-06-29 17:28:32,1
518,6333,4.5,2003-06-29 17:28:44,1
518,6377,5.0,2003-06-29 17:28:54,1
518,6323,4.5,2003-06-29 17:29:14,1
531,1261,2.0,2002-09-25 13:45:10,0
531,480,4.0,2002-09-25 13:45:10,1
531,1466,4.0,2002-09-25 13:45:10,1
531,1961,5.0,2002-09-25 13:45:46,1
531,4447,3.0,2002-09-25 13:46:39,0
531,2473,3.0,2002-09-25 13:46:39,0
531,4284,3.0,2002-09-25 13:47:27,0
531,4214,2.0,2002-09-25 13:47:27,0
531,10,4.0,2002-09-25 13:47:27,1
531,593,5.0,2002-09-25 13:47:27,1
531,1259,5.0,2002-09-25 13:50:19,1
531,1198,5.0,2002-09-25 13:50:19,1
531,919,3.0,2002-09-25 13:50:19,0
531,260,5.0,2002-09-25 13:50:19,1
531,1291,5.0,2002-09-25 13:50:40,1
531,4993,5.0,2002-09-25 13:51:20,1
531,590,3.0,2002-09-25 13:51:20,0
531,1215,2.0,2002-09-25 13:51:20,0
531,5349,5.0,2002-09-25 13:51:20,1
531,733,4.0,2002-09-25 13:51:54,1
531,2640,3.0,2002-09-25 13:51:54,0
531,3699,3.0,2002-09-25 13:51:54,0
544,1,3.0,1996-12-15 22:22:17,0
544,32,3.0,1996-12-15 22:22:17,0
544,780,5.0,1996-12-15 22:22:17,1
544,62,5.0,1996-12-15 22:22:17,1
544,736,5.0,1996-12-15 22:22:17,1
544,95,4.0,1996-12-15 22:22:17,1
544,648,4.0,1996-12-15 22:22:17,1
544,3,3.0,1996-12-15 22:22:42,0
544,14,3.0,1996-12-15 22:23:01,0
544,1356,5.0,1996-12-15 22:23:54,1
544,694,4.0,1996-12-15 22:25:12,1
544,839,2.0,1996-12-15 22:25:12,0
544,1105,5.0,1996-12-15 22:26:16,1
544,116,5.0,1996-12-15 22:26:16,1
544,650,5.0,1996-12-15 22:26:16,1
544,68,5.0,1996-12-15 22:26:16,1
544,40,5.0,1996-12-15 22:26:16,1
544,1042,5.0,1996-12-15 22:26:16,1
544,1047,5.0,1996-12-15 22:26:16,1
544,1059,5.0,1996-12-15 22:26:16,1
544,619,5.0,1996-12-15 22:26:16,1
544,626,5.0,1996-12-15 22:26:16,1
545,1909,4.0,2009-04-21 23:59:01,1
545,2671,4.0,2009-04-21 23:59:06,1
545,2763,4.0,2009-04-21 23:59:11,1
545,1876,4.5,2009-04-21 23:59:16,1
545,33794,3.5,2009-04-21 23:59:23,0
545,44,2.5,2009-04-21 23:59:41,0
545,1267,5.0,2009-04-22 00:00:04,1
545,2427,4.0,2009-04-22 00:00:57,1
545,2641,3.5,2009-04-22 00:01:02,0
545,2605,5.0,2009-04-22 00:01:10,1
545,1960,3.0,2009-04-22 00:01:58,0
545,1911,3.0,2009-04-22 00:02:27,0
545,1438,4.0,2009-04-22 00:02:48,1
545,2300,2.5,2009-04-22 00:02:52,0
545,1779,3.0,2009-04-22 00:03:14,0
545,3273,3.0,2009-04-22 00:03:18,0
545,748,3.0,2009-04-22 00:03:37,0
545,63853,2.5,2009-04-22 00:13:39,0
545,63540,2.0,2009-04-22 00:13:49,0
545,49284,1.5,2009-04-22 00:15:05,0
545,58293,3.0,2009-04-22 00:31:31,0
545,1367,3.5,2009-04-22 00:31:41,0
545,3991,3.5,2009-04-22 00:31:46,0
547,2858,5.0,1999-11-16 03:27:30,1
547,2840,3.0,1999-11-16 03:32:48,0
547,1394,5.0,1999-11-16 03:37:20,1
547,1131,4.0,1999-11-16 03:37:20,1
547,1211,5.0,1999-11-16 03:37:20,1
547,1224,3.0,1999-11-16 03:37:20,0
547,1273,5.0,1999-11-16 03:37:20,1
547,2076,5.0,1999-11-16 03:37:20,1
547,2919,3.0,1999-11-16 03:38:18,0
547,3102,4.0,1999-11-16 03:38:18,1
547,1299,2.0,1999-11-16 03:38:18,0
547,1288,5.0,1999-11-16 03:38:18,1
547,1199,5.0,1999-11-16 03:38:18,1
547,1189,4.0,1999-11-16 03:38:18,1
547,1300,5.0,1999-11-16 03:38:18,1
547,3039,4.0,1999-11-16 03:39:09,1
547,2020,5.0,1999-11-16 03:39:09,1
547,2194,3.0,1999-11-16 03:39:09,0
547,2859,3.0,1999-11-16 03:39:09,0
547,2917,4.0,1999-11-16 03:39:09,1
547,541,5.0,1999-11-16 03:39:09,1
549,318,4.0,2016-05-26 17:09:40,1
549,1198,4.5,2016-05-26 17:09:44,1
549,260,2.0,2016-05-26 17:09:48,0
549,1196,2.0,2016-05-26 17:09:51,0
549,2571,5.0,2016-05-26 17:09:54,1
549,527,1.0,2016-05-26 17:09:58,0
549,1291,3.0,2016-05-26 17:10:03,0
549,1210,2.0,2016-05-26 17:10:08,0
549,293,5.0,2016-05-26 17:10:36,1
549,1036,4.0,2016-05-26 17:10:38,1
549,589,3.0,2016-05-26 17:10:51,0
549,110,3.0,2016-05-26 17:10:52,0
549,58559,4.0,2016-05-26 17:10:54,1
549,2028,5.0,2016-05-26 17:10:57,1
549,5952,3.5,2016-05-26 17:10:59,0
549,158813,1.0,2016-05-26 17:11:12,0
549,122924,5.0,2016-05-26 17:11:21,1
549,2959,5.0,2016-05-26 17:12:20,1
549,48516,5.0,2016-05-26 17:12:22,1
549,79132,5.0,2016-05-26 17:12:25,1
549,4226,5.0,2016-05-26 17:12:26,1
568,3363,4.0,2009-05-29 05:43:08,1
568,2359,4.0,2009-05-29 05:43:14,1
568,3148,4.5,2009-05-29 05:43:25,1
568,1104,5.0,2009-05-29 05:43:35,1
568,2313,5.0,2009-05-29 05:43:41,1
568,1298,5.0,2009-05-29 05:43:48,1
568,1103,5.0,2009-05-29 05:43:55,1
568,1257,4.0,2009-05-29 05:44:13,1
568,765,3.0,2009-05-29 05:44:32,0
568,2863,5.0,2009-05-29 05:44:52,1
568,147,3.0,2009-05-29 05:45:17,0
568,1895,4.0,2009-05-29 05:45:54,1
568,3261,3.0,2009-05-29 05:46:23,0
568,3053,4.0,2009-05-29 05:46:33,1
568,46723,4.0,2009-05-29 05:46:39,1
568,63853,4.5,2009-05-29 05:48:18,1
568,65088,2.0,2009-05-29 05:48:25,0
568,8169,3.5,2009-05-29 05:48:41,0
568,50,5.0,2009-05-29 05:49:37,1
568,296,4.5,2009-09-24 04:40:57,1
568,356,5.0,2009-09-24 04:41:12,1
568,593,5.0,2009-09-24 04:41:20,1
568,480,3.0,2009-09-24 04:41:29,0
569,590,4.0,1996-11-28 14:16:27,1
569,380,3.0,1996-11-28 14:16:27,0
569,296,5.0,1996-11-28 14:16:27,1
569,592,3.0,1996-11-28 14:16:27,0
569,344,4.0,1996-11-28 14:16:49,1
569,153,5.0,1996-11-28 14:16:49,1
569,165,5.0,1996-11-28 14:16:50,1
569,588,4.0,1996-11-28 14:16:50,1
569,349,4.0,1996-11-28 14:17:12,1
569,595,4.0,1996-11-28 14:17:12,1
569,231,3.0,1996-11-28 14:17:12,0
569,316,4.0,1996-11-28 14:17:13,1
569,356,3.0,1996-11-28 14:17:13,0
569,480,4.0,1996-11-28 14:17:33,1
569,329,5.0,1996-11-28 14:17:33,1
569,434,4.0,1996-11-28 14:17:34,1
569,377,5.0,1996-11-28 14:18:29,1
569,50,3.0,1996-11-28 14:18:29,0
569,10,4.0,1996-11-28 14:18:29,1
569,185,4.0,1996-11-28 14:18:59,1
574,592,3.0,1996-06-13 02:53:03,0
574,150,4.0,1996-06-13 02:53:03,1
574,380,4.0,1996-06-13 02:53:03,1
574,296,3.0,1996-06-13 02:53:03,0
574,153,3.0,1996-06-13 02:53:28,0
574,588,5.0,1996-06-13 02:53:28,1
574,344,5.0,1996-06-13 02:53:28,1
574,316,4.0,1996-06-13 02:54:03,1
574,329,4.0,1996-06-13 02:54:03,1
574,318,5.0,1996-06-13 02:54:03,1
574,595,4.0,1996-06-13 02:54:03,1
574,231,5.0,1996-06-13 02:54:03,1
574,292,4.0,1996-06-13 02:54:24,1
574,339,4.0,1996-06-13 02:54:24,1
574,434,4.0,1996-06-13 02:54:24,1
574,161,4.0,1996-06-13 02:54:24,1
574,185,2.0,1996-06-13 02:54:41,0
574,593,5.0,1996-06-13 02:55:04,1
574,410,2.0,1996-06-13 02:55:04,0
574,110,5.0,1996-06-13 02:55:04,1
574,300,3.0,1996-06-13 02:55:04,0
574,225,4.0,1996-06-13 02:55:27,1
574,47,5.0,1996-06-13 02:55:27,1
576,3082,4.5,2013-01-14 08:18:00,1
576,29,3.5,2013-01-14 08:18:02,0
576,720,3.0,2013-01-14 08:18:03,0
576,1345,4.0,2013-01-14 08:18:05,1
576,2580,4.5,2013-01-14 08:18:07,1
576,2641,2.5,2013-01-14 08:18:08,0
576,2723,4.0,2013-01-14 08:18:10,1
576,849,1.5,2013-01-14 08:18:11,0
576,372,1.0,2013-01-14 08:18:13,0
576,1479,5.0,2013-01-14 08:18:14,1
576,1231,2.0,2013-01-14 08:18:50,0
576,1261,3.0,2013-01-14 08:18:51,0
576,1321,4.0,2013-01-14 08:18:52,1
576,1347,1.5,2013-01-14 08:18:53,0
576,1373,1.0,2013-01-14 08:18:55,0
576,2826,4.5,2013-01-14 08:18:56,1
576,327,2.5,2013-01-14 08:18:58,0
576,1188,1.0,2013-01-14 08:18:59,0
576,1223,4.0,2013-01-14 08:19:00,1
576,2289,5.0,2013-01-14 08:19:02,1
595,2628,4.0,1999-10-01 19:42:09,1
595,1199,5.0,1999-10-01 19:43:00,1
595,2761,5.0,1999-10-01 19:43:51,1
595,1569,2.0,1999-10-01 19:44:36,0
595,1278,5.0,1999-10-01 19:46:38,1
595,50,5.0,1999-10-01 19:48:06,1
595,509,5.0,1999-10-01 19:49:10,1
595,265,5.0,1999-10-01 19:49:54,1
595,780,4.0,1999-10-01 19:50:41,1
595,2353,4.0,1999-10-01 19:51:24,1
595,1094,4.0,1999-10-01 19:53:17,1
595,2078,4.0,1999-10-01 19:54:14,1
595,2770,3.0,1999-10-02 12:56:38,0
595,2396,5.0,1999-10-02 12:58:55,1
595,1711,3.0,1999-10-02 12:59:49,0
595,1186,4.0,1999-10-02 13:00:25,1
595,1966,4.0,1999-10-02 13:01:12,1
595,1912,5.0,1999-10-02 13:02:28,1
595,501,4.0,1999-10-02 13:03:51,1
595,2336,4.0,1999-10-02 13:04:40,1
598,130490,5.0,2015-05-03 01:32:12,1
598,114265,5.0,2015-05-03 01:32:34,1
598,113829,5.0,2015-05-03 01:32:45,1
598,124851,5.0,2015-05-03 01:32:53,1
598,110771,2.0,2015-05-03 01:33:08,0
598,103543,5.0,2015-05-03 01:33:39,1
598,101577,5.0,2015-05-03 01:34:04,1
598,4306,1.0,2015-05-03 01:34:51,0
598,4226,1.0,2015-05-03 01:34:56,0
598,4963,4.0,2015-05-03 01:35:03,1
598,7361,5.0,2015-05-03 01:35:09,1
598,5418,4.0,2015-05-03 01:35:15,1
598,8360,1.0,2015-05-03 01:35:28,0
598,79132,5.0,2015-05-03 01:35:30,1
598,5816,5.0,2015-05-03 01:35:36,1
598,56367,5.0,2015-05-03 01:35:51,1
598,46578,5.0,2015-05-03 01:36:11,1
598,63082,4.0,2015-05-03 01:36:13,1
598,593,0.5,2015-05-03 01:36:22,0
598,54001,5.0,2015-05-03 01:36:39,1
598,1197,2.5,2015-05-03 01:36:50,0
